영업상태구분코드,소재지전체주소,사업장명,업태구분명
1,서울특별시 영등포구 대림동 903-36,빠삭한 순살치킨을 위해 소스 얹어주는집,호프/통닭
1,서울특별시 영등포구 당산동3가 395-33,엘리트 Elite,호프/통닭
1,서울특별시 영등포구 도림동 267-1,로얄 바베큐,호프/통닭
1,서울특별시 영등포구 영등포동 618-217,돌담크랩 치킨,호프/통닭
1,서울특별시 영등포구 영등포동 618-217,숯향 후라이드 치킨,호프/통닭
1,서울특별시 영등포구 영등포동 618-217,리얼 새우짱 후라이드,호프/통닭
1,서울특별시 영등포구 영등포동 618-217,동서재 닭강정,호프/통닭
1,서울특별시 영등포구 영등포동 618-217,퍽퍽살이 싫어 내가 차린 치킨집,호프/통닭
1,서울특별시 영등포구 당산동3가 25-2,굽네치킨 영등포구청역점,호프/통닭
1,서울특별시 영등포구 문래동3가 56-1,일품가 해물치킨,호프/통닭
1,서울특별시 영등포구 영등포동4가 88-1,치어스히어(CHEERS),호프/통닭
1,서울특별시 영등포구 도림동 133-11,김가네,호프/통닭
1,서울특별시 영등포구 문래동6가 24-1 에이스하이테크시티2,역전할머니맥주 문래6가점,호프/통닭
1,서울특별시 영등포구 영등포동7가 29-105,가마로강정,호프/통닭
1,서울특별시 영등포구 영등포동7가 203 아크로타워 스퀘어,가마치통닭 국회대로점,호프/통닭
1,서울특별시 영등포구 영등포동2가 94-139 명화빌딩,명화로비(MH LOBBY),호프/통닭
1,서울특별시 영등포구 대림동 1081-54,화니,호프/통닭
1,서울특별시 영등포구 영등포동1가 144 헤렌어반,공만치킨 신길점,호프/통닭
1,서울특별시 영등포구 대림동 1049-5,한창호프,호프/통닭
1,서울특별시 영등포구 대림동 1032-12,미호프,호프/통닭
1,서울특별시 영등포구 대림동 856-8,수커피호프,호프/통닭
1,서울특별시 영등포구 양평동5가 76 양평동한신아파트,펍 에버모어(pup evermore),호프/통닭
1,서울특별시 영등포구 대림동 775-6 화성빌딩,바 세븐,호프/통닭
1,서울특별시 영등포구 양평동2가 33-37,인자왔소,호프/통닭
1,서울특별시 영등포구 도림동 819 대우미래사랑,BBQ영등포도림점,호프/통닭
1,서울특별시 영등포구 영등포동3가 12-4,푸라닭 영등포점,호프/통닭
1,서울특별시 영등포구 문래동3가 55-16 영등포 SK 리더스뷰,퓨전LaLa(라라),호프/통닭
1,서울특별시 영등포구 영등포동1가 145,순수치킨 신길점,호프/통닭
1,서울특별시 영등포구 대림동 1051-3,럭키,호프/통닭
1,서울특별시 영등포구 신길동 96-23번지 1층,통닭촌,호프/통닭
1,서울특별시 영등포구 당산동1가 123 1층,우리동네치킨,호프/통닭
1,서울특별시 영등포구 당산동6가 234 청우빌딩 1층,길동우동 당산역점,호프/통닭
1,서울특별시 영등포구 대림동 1035-3 지하1층,정호프,호프/통닭
1,서울특별시 영등포구 대림동 810-57,밀호프커피,호프/통닭
1,서울특별시 영등포구 문래동2가 14-48,잔향,호프/통닭
1,서울특별시 영등포구 여의도동 53 우정빌딩,YUPPIE CLUB(여피클럽),호프/통닭
1,서울특별시 영등포구 당산동3가 159 삼덕빌딩,하이볼 펍,호프/통닭
1,서울특별시 영등포구 신길동 364 건영아파트,치킨선생신길점,호프/통닭
1,서울특별시 영등포구 영등포동7가 65-6,영등포곱도리탕 본점,호프/통닭
1,서울특별시 영등포구 대림동 727-5,미 커피호프,호프/통닭
1,서울특별시 영등포구 여의도동 44-32 에리트빌딩,인생닭강정 여의도점,호프/통닭
1,서울특별시 영등포구 대림동 1125 보라매 신동아파밀리에,비에이치씨 대림점,호프/통닭
1,서울특별시 영등포구 양평동4가 277-8,처갓집양념치킨 당산점,호프/통닭
1,서울특별시 영등포구 영등포동3가 8 남서울빌딩,한국통닭,호프/통닭
1,서울특별시 영등포구 대림동 1058-45,대박술친구,호프/통닭
1,서울특별시 영등포구 여의도동 50 여의도시범아파트,바베큐 보이즈(BBQ BOYS),호프/통닭
1,서울특별시 영등포구 양화동 1-4,한강르네상스 양화3호점 카페,호프/통닭
1,서울특별시 영등포구 당산동 95-1,땅땅치킨 양화1호점,호프/통닭
1,서울특별시 영등포구 문래동2가 14-89,맛.,호프/통닭
1,서울특별시 영등포구 신길동 362-22 지하1층,7080밤과음악사이,호프/통닭
1,서울특별시 영등포구 도림동 246-35,말술,호프/통닭
1,서울특별시 영등포구 대림동 1032-17,오랜만호프,호프/통닭
1,서울특별시 영등포구 영등포동6가 107-1,육해공 반반 떡볶이&치킨,호프/통닭
1,서울특별시 영등포구 신길동 116-15,카우보이 신길점,호프/통닭
1,서울특별시 영등포구 대림동 1027-16,멕시카나 대림점,호프/통닭
1,서울특별시 영등포구 당산동5가 11-34 삼성타운,메가혼밥 영등포점,호프/통닭
1,서울특별시 영등포구 영등포동6가 66-1,갬성,호프/통닭
1,서울특별시 영등포구 대림동 714-9 우경빌딩,모란봉커피호프,호프/통닭
1,서울특별시 영등포구 영등포동3가 4,어푸,호프/통닭
1,서울특별시 영등포구 당산동3가 228-8,노랑포차,호프/통닭
1,서울특별시 영등포구 대림동 693-5 도명빌딩,가린의밤,호프/통닭
1,서울특별시 영등포구 대림동 710-9 한보빌딩,야황,호프/통닭
1,서울특별시 영등포구 문래동2가 40-4,와싸다포장마차,호프/통닭
1,서울특별시 영등포구 여의도동 35-5 여의도종합상가,파랑닭 여의도점,호프/통닭
1,서울특별시 영등포구 영등포동3가 4-7,호삼촌,호프/통닭
1,서울특별시 영등포구 대림동 1066-71,닭강정체인점,호프/통닭
1,서울특별시 영등포구 양평동4가 147-3 해성빌딩,23평,호프/통닭
1,서울특별시 영등포구 양평동2가 29-7,양남바당,호프/통닭
1,서울특별시 영등포구 영등포동7가 203 아크로타워 스퀘어,노랑통닭 영등포점,호프/통닭
1,서울특별시 영등포구 대림동 710-2,약속호프,호프/통닭
1,서울특별시 영등포구 도림동 155-18,흥부닭강정,호프/통닭
1,서울특별시 영등포구 양평동2가 1-1 신동아하이팰리스,누구나홀딱반한닭 서울양평역점,호프/통닭
1,서울특별시 영등포구 여의도동 47 여의도자이,코우(kou),호프/통닭
1,서울특별시 영등포구 문래동6가 34-1,얼맥당 문래점,호프/통닭
1,서울특별시 영등포구 여의도동 17 여의도더샵아일랜드파크,둘둘치킨여의도공원점,호프/통닭
1,서울특별시 영등포구 문래동3가 77-58,크라운호프문래점,호프/통닭
1,서울특별시 영등포구 여의도동 12-3,브롱스 서여의도점,호프/통닭
1,서울특별시 영등포구 대림동 700-1 기영빌딩,기영이 숯불두마리치킨 영등포대림점,호프/통닭
1,서울특별시 영등포구 영등포동2가 34-74번지 1층,봉닭,호프/통닭
1,서울특별시 영등포구 대림동 1066-68,야래향,호프/통닭
1,서울특별시 영등포구 대림동 1035-1 신언빌딩,998커피호프,호프/통닭
1,서울특별시 영등포구 여의도동 44-13 충무빌딩,충무포차,호프/통닭
1,서울특별시 영등포구 영등포동3가 4-1 여의도 포레스트 시티,BBQ영등포중앙점,호프/통닭
1,서울특별시 영등포구 여의도동 15-16 산정빌딩,굽네치킨 여의도1호점,호프/통닭
1,서울특별시 영등포구 대림동 1068-6,금빛 커피호프,호프/통닭
1,서울특별시 영등포구 신길동 4118,1988' 옛날통닭,호프/통닭
1,서울특별시 영등포구 양평동1가 247 영등포 중흥 S-CLASS,bhc양평역점,호프/통닭
1,서울특별시 영등포구 대림동 863-11 선훈빌딩,비비큐(BBQ) 대림신풍점,호프/통닭
1,서울특별시 영등포구 대림동 1066-125 다유,시류,호프/통닭
1,서울특별시 영등포구 대림동 693-6,NEW VIP클럽,호프/통닭
1,서울특별시 영등포구 대림동 1068-20,쉐잉,호프/통닭
1,서울특별시 영등포구 여의도동 50 여의도시범아파트,자담치킨,호프/통닭
1,서울특별시 영등포구 영등포동 618-40 풍민빌딩,하네스 응식이네 아지트,호프/통닭
1,서울특별시 영등포구 당산동6가 332-3 더빌,주식회사 올라 금별맥주 당산점,호프/통닭
1,서울특별시 영등포구 신길동 4909-3,보니따,호프/통닭
1,서울특별시 영등포구 영등포동 618-547,통닭 연구소,호프/통닭
1,서울특별시 영등포구 여의도동 35-5 여의도종합상가,킹스더킹 여의도점,호프/통닭
1,서울특별시 영등포구 당산동3가 278-1 정도빌딩,노을&하이볼,호프/통닭
1,서울특별시 영등포구 문래동6가 24-1 에이스하이테크시티2,지코바문래점,호프/통닭
1,서울특별시 영등포구 영등포동3가 21-10,교촌치킨영등포역점,호프/통닭
1,서울특별시 영등포구 영등포동3가 20,OB베어영등포점,호프/통닭
1,서울특별시 영등포구 영등포동1가 49,더맛닭 영등포점,호프/통닭
1,서울특별시 영등포구 여의도동 44-13 충무빌딩,원조감자탕일미집 여의도점,호프/통닭
1,서울특별시 영등포구 여의도동 54-2 진주상가,윤스맘,호프/통닭
1,서울특별시 영등포구 당산동4가 80 당산 SK V1 center,푸라닭당산점,호프/통닭
1,서울특별시 영등포구 문래동2가 14-26,문래 로지오뎅빠,호프/통닭
1,서울특별시 영등포구 대림동 833-2,코코주빠,호프/통닭
1,서울특별시 영등포구 신길동 110-47,감성포차 쉼,호프/통닭
1,서울특별시 영등포구 신길동 4950 래미안에스티움,노랑통닭신풍역점,호프/통닭
1,서울특별시 영등포구 문래동4가 9-3,문래중독,호프/통닭
1,서울특별시 영등포구 여의도동 86-5 2층,여의도한강1호점 카페,호프/통닭
1,서울특별시 영등포구 문래동2가 14-100,주식회사 세계닭집,호프/통닭
1,서울특별시 영등포구 신길동 1515-6,한잔더포차,호프/통닭
1,서울특별시 영등포구 대림동 1050-40 건설스마트빌딩,천상낙원,호프/통닭
1,서울특별시 영등포구 신길동 832,오븐마루치킨 병무청점,호프/통닭
1,서울특별시 영등포구 영등포동7가 94-99,별난아재맥주 영등포점,호프/통닭
1,서울특별시 영등포구 대림동 1019-3,999맥주집,호프/통닭
1,서울특별시 영등포구 영등포동7가 203 아크로타워 스퀘어,생활맥주 영등포시장역점,호프/통닭
1,서울특별시 영등포구 대림동 1077-5,주사,호프/통닭
1,서울특별시 영등포구 당산동2가 147-1,쉼터,호프/통닭
1,서울특별시 영등포구 대림동 809,연변가수 김청 쥬빠,호프/통닭
1,서울특별시 영등포구 대림동 1082-17,헬로우호프(Hello호프),호프/통닭
1,서울특별시 영등포구 대림동 1081-3,별커피호프,호프/통닭
1,서울특별시 영등포구 당산동6가 237-36,당산항,호프/통닭
1,서울특별시 영등포구 양평동4가 51-1번지 경남아너스빌,BBQ선유도역점,호프/통닭
1,서울특별시 영등포구 문래동3가 58-51번지,양키스치킨(yankees chicken),호프/통닭
1,서울특별시 영등포구 신길동 849,푸라닭대방점,호프/통닭
1,서울특별시 영등포구 대림동 1032-1 제중빌딩,백두산호프,호프/통닭
1,서울특별시 영등포구 대림동 1032-1번지 제중빌딩,장백호프,호프/통닭
1,서울특별시 영등포구 양평동4가 97번지 풍림빌딩,하루장군,호프/통닭
1,서울특별시 영등포구 문래동5가 10번지 하우스디 비즈,굽네치킨문래점,호프/통닭
1,서울특별시 영등포구 여의도동 15-24 익스콘벤처타워,불스버거(BULL'S BURGER),호프/통닭
1,서울특별시 영등포구 여의도동 45-5번지 메종리브르오피스텔,전설,호프/통닭
1,서울특별시 영등포구 대림동 1057-7,황금커피호프,호프/통닭
1,서울특별시 영등포구 양평동4가 147-3 해성빌딩,교촌치킨선유도역점,호프/통닭
1,서울특별시 영등포구 문래동3가 55-20번지 에이스하이테크시티 지하1층 B174호,쌀쌀맞은닭문래점,호프/통닭
1,서울특별시 영등포구 여의도동 44-24 1층,고방채,호프/통닭
1,서울특별시 영등포구 양평동4가 149-5번지 2층,이순,호프/통닭
1,서울특별시 영등포구 당산동6가 335-3 골드라인 A동 1층 101호,BHC당산점,호프/통닭
1,서울특별시 영등포구 영등포동7가 29-101 지하1층 일부,봄이2,호프/통닭
1,서울특별시 영등포구 대림동 710-3번지 2층 202호,정호프,호프/통닭
1,서울특별시 영등포구 신길동 232-42,교촌치킨,통닭(치킨)
1,서울특별시 영등포구 영등포동4가 425-37 1층,시골 고깃집,호프/통닭
1,"서울특별시 영등포구 여의도동 35-2 1층 101호, 125호",여의나루 비비큐치킨(여의도역점) 피자큐,통닭(치킨)
1,서울특별시 영등포구 대림동 889-1,자담치킨 대림점,호프/통닭
1,서울특별시 영등포구 대림동 1081-52,세라SERA,호프/통닭
1,서울특별시 영등포구 신길동 116-17,보드람치킨 신길중앙점,호프/통닭
1,서울특별시 영등포구 당산동2가 16-1 대우아파트,푸라닭 문래점,호프/통닭
1,서울특별시 영등포구 당산동5가 9-1,굽네치킨 당산역점,호프/통닭
1,서울특별시 영등포구 영등포동3가 15,발리다포차 영등포점,호프/통닭
1,서울특별시 영등포구 당산동3가 35,화락바베큐치킨 영등포당산점,호프/통닭
1,서울특별시 영등포구 당산동1가 261-4,BHC 영등포구청점,호프/통닭
1,서울특별시 영등포구 영등포동3가 17 다솔 메트로시티,생활맥주 영등포타임스퀘어점,호프/통닭
1,서울특별시 영등포구 대림동 700-5 개풍빌딩,스페이스(SPACE),호프/통닭
1,서울특별시 영등포구 양평동2가 1-1 신동아하이팰리스,태평하개,호프/통닭
1,서울특별시 영등포구 대림동 1057-77,1057라운지 호썽인,호프/통닭
1,서울특별시 영등포구 신길동 4936,가마치통닭 신길점,호프/통닭
1,서울특별시 영등포구 도림동 150-5,역전할머니맥주 서울도림점,호프/통닭
1,서울특별시 영등포구 영등포동7가 203 아크로타워 스퀘어,지코바 영등포1호점,호프/통닭
1,서울특별시 영등포구 양평동1가 14-1 양평동한신아파트,꼬치피고,호프/통닭
1,서울특별시 영등포구 영등포동6가 104-1 성명빌딩,김치돼학교 영등포점,호프/통닭
1,서울특별시 영등포구 대림동 693-1,주식회사 노코멘즈(NO COMMENTS),호프/통닭
1,서울특별시 영등포구 여의도동 53 우정빌딩,지코바여의도1호점,호프/통닭
1,서울특별시 영등포구 신길동 4937 신길뉴타운 한화 꿈에그린,굽네치킨신길뉴타운점,호프/통닭
1,서울특별시 영등포구 문래동2가 20-3,포차준무,호프/통닭
1,서울특별시 영등포구 대림동 909-38,미쳐버린파닭(대림점),호프/통닭
1,서울특별시 영등포구 도림동 215-2번지,드래프트,호프/통닭
1,서울특별시 영등포구 여의도동 1번지 국회,외계인키친,호프/통닭
1,서울특별시 영등포구 영등포동4가 105-3번지,나니별관,호프/통닭
1,서울특별시 영등포구 신길동 233-78,피자트립(PIZZA TRIP),호프/통닭
1,서울특별시 영등포구 대림동 993-23번지,놀란호프,호프/통닭
1,서울특별시 영등포구 당산동1가 9-1번지 당산동코오롱주.상복합아파트,한국통닭영등포공유랑점,호프/통닭
1,서울특별시 영등포구 대림동 906-108,맥주아지트(맥酒아지트),호프/통닭
1,서울특별시 영등포구 신길동 4195,오가마 한방통닭,호프/통닭
1,서울특별시 영등포구 대림동 1086-13,천년닭강정,호프/통닭
1,서울특별시 영등포구 신길동 508 시원빌딩,기영이 숯불두마리치킨 영등포신길점,호프/통닭
1,서울특별시 영등포구 신길동 3849,펀비어킹 신풍역점,호프/통닭
1,서울특별시 영등포구 대림동 990-10,에이비씨 호프,호프/통닭
1,서울특별시 영등포구 대림동 893-60,칼포니치킨호프,호프/통닭
1,서울특별시 영등포구 대림동 714-4 태연빌딩,아라비안,호프/통닭
1,서울특별시 영등포구 당산동6가 341-1,오빠통닭 당산점,호프/통닭
1,서울특별시 영등포구 당산동6가 237-42,송가네 기와집,호프/통닭
1,서울특별시 영등포구 영등포동6가 5-8,짝태집,호프/통닭
1,서울특별시 영등포구 신길동 89-102 상록수빌딩,악동닭강정 신길점,호프/통닭
1,서울특별시 영등포구 당산동3가 342-7 영화빌딩,형제 뼈해장국,호프/통닭
1,서울특별시 영등포구 여의도동 44-23 하남빌딩,라운더스,호프/통닭
1,서울특별시 영등포구 영등포동 631-2 윤석빌딩,처갓집양념치킨 영등포본동점,호프/통닭
1,서울특별시 영등포구 당산동3가 387-2 세종빌딩,돈돼후 야시장,호프/통닭
1,서울특별시 영등포구 영등포동4가 431-8,이브,호프/통닭
1,서울특별시 영등포구 영등포동3가 3-3 로프트시티,완주,호프/통닭
1,서울특별시 영등포구 영등포동7가 79-4 영등포복합빌딩,테스형 포차,호프/통닭
1,서울특별시 영등포구 여의도동 53-12,주벡 여의도(JUAVEC_YEOUIDO),호프/통닭
1,서울특별시 영등포구 당산동2가 16-1 대우아파트,네네치킨 당산문래점,호프/통닭
1,서울특별시 영등포구 영등포동1가 139-5 진영빌딩,바밤(BAR BAM),호프/통닭
1,서울특별시 영등포구 대림동 713-6번지 청파빌딩,키스(Kiss),호프/통닭
1,서울특별시 영등포구 대림동 722-9번지,북경닭날개구이,호프/통닭
1,서울특별시 영등포구 신길동 445-2,교촌치킨 신풍역점,호프/통닭
1,서울특별시 영등포구 여의도동 44-23 하남빌딩,조니워커,호프/통닭
1,서울특별시 영등포구 영등포동7가 70-3,여의도숯닭,호프/통닭
1,서울특별시 영등포구 신길동 3962-5 대경빌딩,비비큐신길뉴타운점,호프/통닭
1,서울특별시 영등포구 대림동 714-11,롤렉스(ROLLEX),호프/통닭
1,서울특별시 영등포구 신길동 4943 선원 가와인,더꼬치다(the꼬치다),호프/통닭
1,서울특별시 영등포구 당산동1가 123,맘스치킨,호프/통닭
1,서울특별시 영등포구 영등포동7가 203번지 아크로타워 스퀘어,처갓집 양념치킨 영등포점,호프/통닭
1,서울특별시 영등포구 당산동1가 273,호식이두마리치킨(당산점),통닭(치킨)
1,서울특별시 영등포구 신길동 4969 힐스테이트 클래시안,피자쏭,통닭(치킨)
1,서울특별시 영등포구 영등포동4가 146-5번지 지상1층,꼴깍치킨엔비어펍,호프/통닭
1,서울특별시 영등포구 당산동5가 33-5,역전할머니맥주당산점,통닭(치킨)
1,서울특별시 영등포구 당산동5가 33-5,용용선생,통닭(치킨)
1,서울특별시 영등포구 당산동3가 295-2 지하1층,제일,호프/통닭
1,서울특별시 영등포구 신길동 347-40번지 지상1층,24시바로뽑아먹는짜장,호프/통닭
1,서울특별시 영등포구 여의도동 36-2,여백복고호프,호프/통닭
1,서울특별시 영등포구 대림동 993-55번지 1층,민들레호프,호프/통닭
1,서울특별시 영등포구 영등포동5가 28번지 지상1층,짜장집,호프/통닭
1,서울특별시 영등포구 영등포동 618-213 1층,부자족발,통닭(치킨)
1,서울특별시 영등포구 신길동 3741-38번지 지하1층,커피마리오,호프/통닭
1,서울특별시 영등포구 대림동 1032-10번지 1층,상지구육관,통닭(치킨)
1,"서울특별시 영등포구 대림동 865-1번지 ,1층(일부)",콘서트,통닭(치킨)
1,서울특별시 영등포구 도림동 192-1 1층,참나무숯불통닭,통닭(치킨)
1,서울특별시 영등포구 양평동2가 32-2번지 지상1층,황금호프주점,호프/통닭
1,서울특별시 영등포구 대림동 710-14 지하1층,7080라이언라이브,호프/통닭
1,서울특별시 영등포구 대림동 1058-33 지하1층,윈체스터(WINCHESTER),호프/통닭
1,서울특별시 영등포구 신길동 159-4번지 지하1층,천지 커피호프,호프/통닭
1,서울특별시 영등포구 대림동 714-1번지 1층,연길국밥,호프/통닭
1,서울특별시 영등포구 당산동1가 33 102호,근본 묵은지 김치찜,호프/통닭
1,서울특별시 영등포구 문래동4가 31-21번지 지상1층,경산 닭도매,통닭(치킨)
1,"서울특별시 영등포구 영등포동3가 20-3 지상2,3층",꾼 노리,호프/통닭
1,서울특별시 영등포구 여의도동 54-2 진주상가,진지,호프/통닭
1,서울특별시 영등포구 양평동2가 33-2번지 1층,역전포차,호프/통닭
1,서울특별시 영등포구 여의도동 13-21 맨하탄21리빙텔 103-1호,생활맥주 서여의도점,호프/통닭
1,서울특별시 영등포구 대림동 804-21 지하1층,청자호프,호프/통닭
1,서울특별시 영등포구 대림동 878-16번지,버글버글전원양꼬치,호프/통닭
1,서울특별시 영등포구 대림동 1034-3 지하1층,오아시스커피호프,호프/통닭
1,"서울특별시 영등포구 도림동 250-18번지 ,지하1층(일부)",동연호프,호프/통닭
1,서울특별시 영등포구 영등포동7가 29-101 지하1층,봄이,호프/통닭
1,서울특별시 영등포구 대림동 709-4 지하1층,Cafe JUN (까페준),호프/통닭
1,서울특별시 영등포구 여의도동 13-25 정우빌딩,오로지라멘 서여의도점,통닭(치킨)
1,서울특별시 영등포구 대림동 710-14 동아빌딩 2층,스타커피호프,호프/통닭
1,서울특별시 영등포구 대림동 713-8 1층,한금훠궈,호프/통닭
1,서울특별시 영등포구 도림동 113-18번지 지상1층,훌랄라숯불바베큐,통닭(치킨)
1,서울특별시 영등포구 영등포동 602-51번지 1층,로맨스,호프/통닭
1,서울특별시 영등포구 양평동4가 150-2 2층,선유비어,호프/통닭
1,서울특별시 영등포구 영등포동 602-88 지하1층,새롬호프,호프/통닭
1,서울특별시 영등포구 문래동3가 58-57 1층,주주객반,호프/통닭
1,서울특별시 영등포구 양평동4가 27-6번지 지상1층,훌랄라참숯바베큐,통닭(치킨)
1,서울특별시 영등포구 당산동3가 150-1 지상1층,안방호프,호프/통닭
1,서울특별시 영등포구 대림동 1057-18 2층 전체,쇼주관,호프/통닭
1,"서울특별시 영등포구 여의도동 50 시범상가 1층 2,3,4동 106호",땅땅치킨,호프/통닭
1,서울특별시 영등포구 여의도동 13-17 굿피플빌딩 2층,깐부치킨(서여의도점),호프/통닭
1,서울특별시 영등포구 여의도동 32-1 수정상가 2층 201호,여의 경양식,호프/통닭
1,서울특별시 영등포구 대림동 1018-23번지 지하1층,인연,호프/통닭
1,서울특별시 영등포구 대림동 739-1 유림빌딩,대림동 맛집,호프/통닭
1,서울특별시 영등포구 도림동 184-8번지 지상1층,포장마차 참살이,호프/통닭
1,서울특별시 영등포구 대림동 665-2,묵찌빠호프,호프/통닭
1,서울특별시 영등포구 신길동 4943번지 선원가와인1층103호,이도맥주,호프/통닭
1,서울특별시 영등포구 대림동 1047-11 2층 201호,술 단밤,호프/통닭
1,서울특별시 영등포구 당산동2가 71 1층,서도냉면,호프/통닭
1,서울특별시 영등포구 대림동 1032-19번지 지상2층,호수호프,호프/통닭
1,서울특별시 영등포구 대림동 688-27 1층,호식이두마리치킨대림점,호프/통닭
1,서울특별시 영등포구 대림동 706-27 지하1층,서울커피호프,호프/통닭
1,서울특별시 영등포구 신길동 3710 지층102호,치킨뱅이 신풍역점,통닭(치킨)
1,서울특별시 영등포구 여의도동 15-16번지 산정B/D 지상1층106호,오치킨,통닭(치킨)
1,서울특별시 영등포구 대림동 1057-21,대림찹쌀순대,통닭(치킨)
1,서울특별시 영등포구 대림동 1052-35 지상2층,대동강호프,호프/통닭
1,서울특별시 영등포구 문래동4가 7-5번지 지상1층,원조마늘통닭,호프/통닭
1,서울특별시 영등포구 양평동4가 74 지상2층,보배반점 선유도,호프/통닭
1,서울특별시 영등포구 당산동6가 216-5 지상2층,벌툰,호프/통닭
1,"서울특별시 영등포구 양평동5가 76 한신아파트상가 106동 1-21호,1-30호",한잔!뭔말인지알지,호프/통닭
1,서울특별시 영등포구 당산동3가 539번지 지상1층,실비아,호프/통닭
1,서울특별시 영등포구 신길동 4387번지 지상1층,보라매,호프/통닭
1,서울특별시 영등포구 대림동 689 문화빌딩,종로김밥(대림3동점),통닭(치킨)
1,서울특별시 영등포구 대림동 864-10번지 지하1층,베스트호프,호프/통닭
1,서울특별시 영등포구 대림동 722-9번지 1층,다미옛날통닭,호프/통닭
1,서울특별시 영등포구 영등포동7가 66-4 외1필지 지하1층,수(SOO),호프/통닭
1,서울특별시 영등포구 신길동 1437 신한빌딩 1층 103호,치킨마루대방역점,호프/통닭
1,서울특별시 영등포구 당산동2가 135번지,치킨장인,호프/통닭
1,서울특별시 영등포구 여의도동 44-31 1층,교촌치킨여의도점,호프/통닭
1,서울특별시 영등포구 신길동 674번지 1층,교촌치킨,통닭(치킨)
1,서울특별시 영등포구 여의도동 13-19번지 남중빌딩 2층4호,포,통닭(치킨)
1,서울특별시 영등포구 신길동 2039 단지내상가B동 지하2층 102호,짝태시대(신풍점),호프/통닭
1,서울특별시 영등포구 여의도동 45-13 코오롱프레스텔 지하1층,에이베리(AVERY),호프/통닭
1,서울특별시 영등포구 여의도동 35-5 종합상가지하2-3호,여의도 우아,호프/통닭
1,"서울특별시 영등포구 여의도동 26 에스트레뉴 지상3층 303호, 304-1호",BHC여의도역점,호프/통닭
1,서울특별시 영등포구 대림동 1083-23번지 2층,우정빠,호프/통닭
1,"서울특별시 영등포구 문래동2가 49-1번지 1층, 2층",양키통닭,호프/통닭
1,서울특별시 영등포구 여의도동 11-11번지 한서리버파크 1층 101호,빈호프,호프/통닭
1,서울특별시 영등포구 여의도동 37 아일렉스,돈배옥,호프/통닭
1,서울특별시 영등포구 여의도동 35-2 지하5호,엠에이엠엠오에스,호프/통닭
1,서울특별시 영등포구 문래동2가 57-4번지 1층,엘아이디(LID),호프/통닭
1,서울특별시 영등포구 문래동2가 14-29 1층,비어포스트바,호프/통닭
1,서울특별시 영등포구 대림동 1078-1 2층,노다지 호프,호프/통닭
1,서울특별시 영등포구 대림동 881-1 1층,꿈에그린포장마차,호프/통닭
1,서울특별시 영등포구 대림동 929-5 지하1층,영아호프,호프/통닭
1,서울특별시 영등포구 여의도동 37 아일렉스 지하5호,네네치킨,통닭(치킨)
1,서울특별시 영등포구 여의도동 44-35번지 제일빌딩 1층 102호,투다리,호프/통닭
1,서울특별시 영등포구 대림동 864-12 1층,홍운커피호프,호프/통닭
1,서울특별시 영등포구 당산동3가 223-7 1층,맘스터치(영등포구청역점),호프/통닭
1,서울특별시 영등포구 대림동 808-26번지 지하1층,약속호프,호프/통닭
1,서울특별시 영등포구 신길동 875 1층,옛날통닭,호프/통닭
1,서울특별시 영등포구 대림동 713-6 1층,금정무오리점,호프/통닭
1,서울특별시 영등포구 당산동1가 306번지 1층 103호,제너시스비비큐 당산행운점,통닭(치킨)
1,서울특별시 영등포구 여의도동 45-5 메종리브르오피스텔,멕시칸치킨,통닭(치킨)
1,서울특별시 영등포구 도림동 821번지 영등포아트자이아파트 상가동 107호,땅땅치킨신도림점,호프/통닭
1,서울특별시 영등포구 대림동 1018-16 1층,장군뼈해장국,호프/통닭
1,서울특별시 영등포구 영등포동7가 145-8 아크로타워 스퀘어 상가7동 1층 2호,흐름이야,호프/통닭
1,서울특별시 영등포구 양평동4가 22-1 구산드림타워 103호,신명태꼴,통닭(치킨)
1,서울특별시 영등포구 대림동 1078-7번지 1층,달따라호프,호프/통닭
1,서울특별시 영등포구 대림동 743-9번지,페리카나,통닭(치킨)
1,서울특별시 영등포구 당산동3가 228-3번지 3층,롤링펍앤다트,호프/통닭
1,서울특별시 영등포구 도림동 156-42번지 1층 6호,파트너,호프/통닭
1,서울특별시 영등포구 신길동 103-1번지 홍성빌딩1층,치킨마루,통닭(치킨)
1,서울특별시 영등포구 신길동 445-11 지하1층,신원호프,호프/통닭
1,서울특별시 영등포구 여의도동 44-35번지 제일빌딩 2층 203호,에르메스,호프/통닭
1,서울특별시 영등포구 영등포동3가 13번지 1층,마씨네한국밥(영등포점),호프/통닭
1,서울특별시 영등포구 대림동 993-25 1층,포차스타일,호프/통닭
1,서울특별시 영등포구 신길동 362-22번지 지상1층,바비큐보스치킨,통닭(치킨)
1,서울특별시 영등포구 문래동6가 43 한신아파트,더리얼치킨(THE REAL CHICKEN) 문래본점,호프/통닭
1,서울특별시 영등포구 양평동4가 85-1번지 1층,생활맥주선유도점,호프/통닭
1,서울특별시 영등포구 신길동 477번지,어반 핫플레이스,호프/통닭
1,서울특별시 영등포구 신길동 355-632번지 1층,또순이,호프/통닭
1,서울특별시 영등포구 당산동3가 150-1 지하1층,안방호프,호프/통닭
1,서울특별시 영등포구 신길동 220-35번지 지층,신길호프,호프/통닭
1,서울특별시 영등포구 여의도동 54-2 진주빌딩 1층 105호,생활맥주여의도점,호프/통닭
1,서울특별시 영등포구 양평동2가 1-1 1층 103동127호,다소니`s(다소니스),호프/통닭
1,서울특별시 영등포구 당산동6가 314 당일빌딩 2층 2호,달달데이,호프/통닭
1,서울특별시 영등포구 당산동3가 170 1층,잔비어you,호프/통닭
1,서울특별시 영등포구 당산동3가 228-3 지상2층,롤링스톤,호프/통닭
1,서울특별시 영등포구 대림동 1081-10,장미호프,호프/통닭
1,서울특별시 영등포구 문래동3가 83-3번지 대동오피스텔103호,청춘반점,호프/통닭
1,서울특별시 영등포구 여의도동 44-6번지 1층,더블린446,호프/통닭
1,서울특별시 영등포구 문래동2가 14-28번지 1층,올드문래(OLD MULLAE),호프/통닭
1,서울특별시 영등포구 양평동4가 27-3,당산퓨전포차,호프/통닭
1,서울특별시 영등포구 신길동 4937 한화꿈에그린상가 112동 제B114호,맘스터치신풍역점,호프/통닭
1,서울특별시 영등포구 영등포동3가 13-11 2층,서창식황해수육 영등포점,호프/통닭
1,서울특별시 영등포구 영등포동7가 92-6,항꼬제주근고기전문점,호프/통닭
1,서울특별시 영등포구 대림동 716-4 지하1층,은하수커피호프,호프/통닭
1,서울특별시 영등포구 여의도동 26-3번지 2층에이호,연호프,호프/통닭
1,서울특별시 영등포구 문래동2가 14-25번지 성문빌딩 2층 일부,샘화이트(SAM WHITE),호프/통닭
1,서울특별시 영등포구 신길동 414-54번지 지상1층,우리호프,호프/통닭
1,서울특별시 영등포구 영등포동2가 34-2 지상1층,화신,호프/통닭
1,서울특별시 영등포구 영등포동 620-301,네네치킨,통닭(치킨)
1,서울특별시 영등포구 양평동4가 51-1 경남아너스빌,본가선유도감자탕,호프/통닭
1,서울특별시 영등포구 여의도동 14-21 102호,꼴통감독,통닭(치킨)
1,서울특별시 영등포구 문래동6가 24-1번지 에이스하이테크시티2 지식산업센터 114호,BHC치킨문래점,통닭(치킨)
1,서울특별시 영등포구 대림동 739-1번지 1층,비비큐대림점,통닭(치킨)
1,서울특별시 영등포구 영등포동3가 4-12 지상1층,로꼬로꼬조개찜,호프/통닭
1,서울특별시 영등포구 신길동 3774번지 지상1층,골뱅이치킨,호프/통닭
1,서울특별시 영등포구 대림동 1051-84 지하 전체,아향부,호프/통닭
1,서울특별시 영등포구 여의도동 15-16 산정빌딩 101호,픽스커피,호프/통닭
1,서울특별시 영등포구 여의도동 37 아일렉스 F01호 (지하1층),노랑통닭 여의도역점,호프/통닭
1,서울특별시 영등포구 문래동2가 43-8 지상1층,퇴근길호프집,호프/통닭
1,서울특별시 영등포구 여의도동 44-23 하남빌딩 지하1층 B125호,다온,호프/통닭
1,서울특별시 영등포구 여의도동 44-23번지 하남빌딩,겔랑,호프/통닭
1,서울특별시 영등포구 대림동 683-1,서진호프치킨,호프/통닭
1,서울특별시 영등포구 영등포동3가 10-41,역전소금구이,호프/통닭
1,서울특별시 영등포구 양평동4가 80 1층 111호,쟁반집8292 선유도역점,호프/통닭
1,서울특별시 영등포구 양평동4가 27-3 1층,스낵바 아타시,호프/통닭
1,서울특별시 영등포구 여의도동 44-36번지 센터빌딩 지하1층,여의도광장&드레프트K,호프/통닭
1,서울특별시 영등포구 양평동1가 257-1번지 지상1층,BHC치킨양평점,통닭(치킨)
1,서울특별시 영등포구 대림동 1057-33 2층,치우룽샤,호프/통닭
1,"서울특별시 영등포구 양평동4가 51-1번지 경남아너스빌 상가 비동 106호,107호",꼬지사께,통닭(치킨)
1,"서울특별시 영등포구 문래동3가 55-5 1층 108호 일부, 109호",옥된장 문래역점,호프/통닭
1,서울특별시 영등포구 대림동 1079-23 지상1층,샤오푸훠궈,호프/통닭
1,서울특별시 영등포구 신길동 103-33 혜원빌딩,피자마루 신길역점,호프/통닭
1,서울특별시 영등포구 신길동 3573번지 14동 1층 105호,신풍닭강정치킨,호프/통닭
1,서울특별시 영등포구 양평동3가 15-1 월드메르디앙비즈센터 105호,메가엠지씨커피 양평역점,통닭(치킨)
1,서울특별시 영등포구 신길동 162-14번지 2층,펀비어킹신길대신시장점,호프/통닭
1,서울특별시 영등포구 여의도동 45-1번지 K-Tower빌딩 지하2층,디스트릭트와이,호프/통닭
1,서울특별시 영등포구 신길동 163-16 지하1층,She`s bar,호프/통닭
1,서울특별시 영등포구 대림동 718-1 3층,신818,호프/통닭
1,서울특별시 영등포구 영등포동 602-126번지 1층,알콜,호프/통닭
1,서울특별시 영등포구 영등포동3가 7번지 아자쇼핑 39호 외(총 21호),아자식당호프,호프/통닭
1,서울특별시 영등포구 대림동 1050-29 지상2층,미(美),호프/통닭
1,서울특별시 영등포구 대림동 721-9번지 지상1층,스카이호프,통닭(치킨)
1,서울특별시 영등포구 신길동 4909 1층,해진호프,호프/통닭
1,서울특별시 영등포구 당산동5가 42 당산삼성래미안아파트상가1동 101-2,가마로강정당산역점,통닭(치킨)
1,서울특별시 영등포구 대림동 1080-4 2층,연이호프,호프/통닭
1,서울특별시 영등포구 당산동5가 32-5 지상2층,롱타임노씨,호프/통닭
1,서울특별시 영등포구 대림동 1048-8 외1필지 지하1층(일부),해림호프,호프/통닭
1,서울특별시 영등포구 여의도동 14-2번지 동아빌딩 지하1층 11호,장수집,통닭(치킨)
1,서울특별시 영등포구 신길동 95-58 1층,썬,호프/통닭
1,서울특별시 영등포구 도림동 187-39 1층,도림회관,호프/통닭
1,서울특별시 영등포구 대림동 1049 골든타워,파라다이스,호프/통닭
1,서울특별시 영등포구 신길동 4035-2 지하,우리풍천장어,호프/통닭
1,서울특별시 영등포구 여의도동 45-20번지 동북빌딩 3층 311호,솔라즈(SOLAZ),호프/통닭
1,"서울특별시 영등포구 양평동2가 1-1 신동아하이팰리스 지상1층120호,121호(전체)",문래감자탕순대국,호프/통닭
1,서울특별시 영등포구 영등포동7가 70-2 1층,돼지 꿀꿀이 삼겹살 꿀꿀이 식당,호프/통닭
1,서울특별시 영등포구 신길동 4913 1층 우측,뚱땡이족발,호프/통닭
1,서울특별시 영등포구 여의도동 44-2 태양빌딩 3층 306호,이든플래닛,호프/통닭
1,서울특별시 영등포구 대림동 714-6번지 2층,8요일,호프/통닭
1,서울특별시 영등포구 신길동 192-206 지하1층,주랑커피호프,호프/통닭
1,서울특별시 영등포구 신길동 209-162번지 1층,영심이호프포차,호프/통닭
1,서울특별시 영등포구 신길동 114-21번지,국수,호프/통닭
1,"서울특별시 영등포구 신길동 496번지 보라매길성그랑프리텔 1층 103,104호",펀비어킹 보라매역점,통닭(치킨)
1,"서울특별시 영등포구 여의도동 35-5번지 지상2층214,215,216호(전체)",와바(여의도종합상가점),호프/통닭
1,서울특별시 영등포구 신길동 240-16 힐스테이트 클래시안,남도식당,호프/통닭
1,서울특별시 영등포구 영등포동3가 4-12번지 1~2층,쥬라기치킨,호프/통닭
1,서울특별시 영등포구 대림동 1081-33번지 2층,춘향커피호프,호프/통닭
1,서울특별시 영등포구 문래동3가 84-2 동국메뜨리앙,2도맥주문래점,호프/통닭
1,서울특별시 영등포구 대림동 718-3 지하1층,주미맥주커피,호프/통닭
1,서울특별시 영등포구 당산동3가 172 지층,애월의밤(당오뎅),호프/통닭
1,서울특별시 영등포구 신길동 4344번지 지상1층,두툼한고깃집,호프/통닭
1,"서울특별시 영등포구 영등포동5가 24번지 동남상가 2층 C3호,E1호,E2호,동열21호",동남호프,호프/통닭
1,서울특별시 영등포구 영등포동 618-190,잉치킨,통닭(치킨)
1,서울특별시 영등포구 도림동 147-34 지상1층,두리아숯불바베큐,호프/통닭
1,서울특별시 영등포구 도림동 1-15번지 외3필지 제2호 1층,동승양꼬치,호프/통닭
1,서울특별시 영등포구 당산동3가 85-1 (1층),문화포차,호프/통닭
1,서울특별시 영등포구 대림동 777-1번지 외2필지 지상1층 106호 일부,엠케이치킨앤드호프(MK치킨&호프),호프/통닭
1,서울특별시 영등포구 대림동 952-19번지 삼성YJ그랜드빌딩 본관동 지하1층,로꼬풋살아레나,호프/통닭
1,서울특별시 영등포구 여의도동 54-6 지하1층 101호,케그샵 프리미엄수제맥주&전통주 셀렉샵 여의도점,호프/통닭
1,서울특별시 영등포구 영등포동1가 74번지 1층,히뎅,호프/통닭
1,서울특별시 영등포구 대림동 743-8 1층,피쳐호프,호프/통닭
1,서울특별시 영등포구 대림동 810-18 2층일부,황금커피호프,호프/통닭
1,"서울특별시 영등포구 여의도동 45-15 외1필지 서린빌딩 지하1층 1호,2호",레드문 호프,호프/통닭
1,서울특별시 영등포구 문래동2가 14-38번지 1층,플라츠(PLATZ),호프/통닭
1,서울특별시 영등포구 대림동 1081-7 하늘아트빌 지하1층,술독,호프/통닭
1,서울특별시 영등포구 대림동 836-5번지 지상1층,뽀야치킨,통닭(치킨)
1,서울특별시 영등포구 영등포동 580-100 지상1층,BHC영등포공원점,호프/통닭
1,서울특별시 영등포구 영등포동3가 16 외1필지 지상2층,룸의전설,호프/통닭
1,서울특별시 영등포구 문래동2가 14-47 1층,뚝딱,호프/통닭
1,서울특별시 영등포구 당산동5가 7-2 유원2차(아)상가108호,1투3치킨호프,호프/통닭
1,서울특별시 영등포구 영등포동3가 22-1번지 지상1층,김인성의토평한우소곱창,통닭(치킨)
1,서울특별시 영등포구 대림동 862-6 국제빌딩,천우 호프,호프/통닭
1,서울특별시 영등포구 대림동 903-36,이집닭강정잘하네 신풍점,호프/통닭
1,서울특별시 영등포구 대림동 864-10,처갓집양념치킨 대림점,호프/통닭
1,서울특별시 영등포구 대림동 783-1 대림프라자,교촌치킨 대림2호점,호프/통닭
1,서울특별시 영등포구 신길동 196-17 대성빌딩,염화퓨전호프,호프/통닭
1,서울특별시 영등포구 신길동 4964 신길센트럴자이아파트,1번지통닭 신풍점,호프/통닭
1,서울특별시 영등포구 여의도동 17-20 원정빌딩,라라,호프/통닭
1,서울특별시 영등포구 대림동 883-2,후라이드 참 잘하는집,호프/통닭
1,서울특별시 영등포구 신길동 1299,Beer&Chicken 비어치킨,호프/통닭
1,서울특별시 영등포구 신길동 192-2번지,신길맥주커피,호프/통닭
1,서울특별시 영등포구 여의도동 44-37 아일렉스타워,민소한우 동여의도 1호점,호프/통닭
1,서울특별시 영등포구 대림동 714-7,야간비행 음식점,호프/통닭
1,서울특별시 영등포구 신길동 110-34 1층,꽁돈집,호프/통닭
1,서울특별시 영등포구 대림동 1018-23번지,스탑싸인,호프/통닭
1,서울특별시 영등포구 대림동 605-64,지코바대림1호점,호프/통닭
1,서울특별시 영등포구 문래동3가 84-2번지 동국메뜨리앙 3층 304호,010,호프/통닭
1,서울특별시 영등포구 영등포동3가 19-2 포레스트힐시티 1층 103호,윤이불닭발,호프/통닭
1,서울특별시 영등포구 여의도동 54-2번지 진주상가 1층 106호,생활맥주여의도점,호프/통닭
1,서울특별시 영등포구 당산동5가 9-2 삼성쉐르빌 105호,60계치킨서울당산역점,호프/통닭
1,서울특별시 영등포구 당산동 171-15 1층 101호,오잘전,통닭(치킨)
1,서울특별시 영등포구 여의도동 13 진미파라곤 제지2층 B203호,치킨플러스 여의도점,호프/통닭
1,서울특별시 영등포구 양평동3가 32-13 1층,호치킨하우스,통닭(치킨)
1,서울특별시 영등포구 당산동5가 9-2 삼성쉐르빌 103호,생활맥주 당산점,호프/통닭
1,서울특별시 영등포구 대림동 807-9 외1필지 지하1층 일부,전철호프,호프/통닭
1,서울특별시 영등포구 영등포동3가 19-2 포레스트힐 시티 104호,구공슈퍼,호프/통닭
1,서울특별시 영등포구 영등포동7가 46-1번지 경남A상가 지상1층103호,네네치킨영등포푸르지오점,통닭(치킨)
1,서울특별시 영등포구 문래동3가 1-4,계림원,통닭(치킨)
1,서울특별시 영등포구 문래동3가 77-34번지 지상1층,달동네GS홈쇼핑점,통닭(치킨)
1,서울특별시 영등포구 신길동 111-9 1층일부,시골순대,호프/통닭
1,서울특별시 영등포구 대림동 744-12번지 1층,네네치킨대림3점,호프/통닭
1,서울특별시 영등포구 당산동5가 22-1 지하1층,해피투게더가맥,호프/통닭
1,서울특별시 영등포구 여의도동 45-15 서린빌딩 3층 307호,포엠,호프/통닭
1,서울특별시 영등포구 양평동3가 17-1번지 우림보보카운티 103호,삼국주,호프/통닭
1,서울특별시 영등포구 도림동 156-42번지 103호,노고지리,호프/통닭
1,서울특별시 영등포구 신길동 3661 1층,전설의옛날통닭,호프/통닭
1,서울특별시 영등포구 대림동 713-13 지하1층,오투,호프/통닭
1,서울특별시 영등포구 대림동 728-5번지 외1필지 1층,신원호프,호프/통닭
1,서울특별시 영등포구 대림동 1050-27번지 지하1층,금탑,호프/통닭
1,서울특별시 영등포구 문래동4가 8-9번지 지상1층,문래양꼬치,통닭(치킨)
1,서울특별시 영등포구 신길동 163-15번지 지상2층,빨간굴뚝,호프/통닭
1,서울특별시 영등포구 여의도동 17번지 더샾아일랜드파크102-105호,보드람,통닭(치킨)
1,서울특별시 영등포구 대림동 1081-43 2층,리리커피호프,호프/통닭
1,서울특별시 영등포구 대림동 700-3 대명빌딩,매하꼬치,호프/통닭
1,서울특별시 영등포구 대림동 676-8번지 1층,딱한잔호프,호프/통닭
1,서울특별시 영등포구 대림동 714-4 지하1층,태연호프커피,호프/통닭
1,서울특별시 영등포구 당산동1가 255-8,대우,호프/통닭
1,서울특별시 영등포구 양평동2가 33-36,목포낙지,호프/통닭
1,서울특별시 영등포구 대림동 1068-18 2층,대림호프,호프/통닭
1,서울특별시 영등포구 대림동 1082-9,만남호프,호프/통닭
1,서울특별시 영등포구 대림동 688-13번지 1층,우리집호프,호프/통닭
1,서울특별시 영등포구 신길동 102-8번지 신길우성상가동  1층 제3호,가마로강정(신길삼거리점),통닭(치킨)
1,서울특별시 영등포구 양평동2가 29-5번지,호수호프,호프/통닭
1,서울특별시 영등포구 신길동 115-26번지,호프광장,호프/통닭
1,서울특별시 영등포구 신길동 98-14번지 2층,쟌비어,호프/통닭
1,서울특별시 영등포구 영등포동6가 70-1번지 1~2층,비어타임,호프/통닭
1,서울특별시 영등포구 여의도동 44-13 충무빌딩,BHC치킨여의도점,통닭(치킨)
1,서울특별시 영등포구 여의도동 43-3 홍우빌딩208.209,하노이의아침,호프/통닭
1,서울특별시 영등포구 여의도동 35-2번지,야호프,호프/통닭
1,서울특별시 영등포구 양평동3가 46번지 이앤씨 드림타워 1층 116호 117호 118호,비헌투뷔페,호프/통닭
1,서울특별시 영등포구 영등포동3가 23-8번지,바밤바(Bar Bam Bar),호프/통닭
1,서울특별시 영등포구 대림동 894-11번지 1층,여우치킨,호프/통닭
1,서울특별시 영등포구 양평동4가 115번지 1층 전체,호치킨,통닭(치킨)
1,서울특별시 영등포구 대림동 863-11번지 지하1층,아리랑호프,호프/통닭
1,서울특별시 영등포구 신길동 1367-1번지 부운빌딩 1층,자매호프,호프/통닭
1,서울특별시 영등포구 문래동3가 55-5 로데오 왘 쇼핑몰 2층 232호,자담치킨 문래점,호프/통닭
1,서울특별시 영등포구 양평동4가 173-2번지 1층일부,엘리트닭,통닭(치킨)
1,서울특별시 영등포구 대림동 1032-5번지,지성,호프/통닭
1,서울특별시 영등포구 여의도동 44-32 에리트빌딩 지상1층 101호,오늘치킨,통닭(치킨)
1,서울특별시 영등포구 문래동3가 2 1층,계림원누룽지통닭,통닭(치킨)
1,서울특별시 영등포구 여의도동 13-2 삼보빌딩 2층 일부,무한육채미 여의도점,호프/통닭
1,서울특별시 영등포구 신길동 4780 보라매 경남아너스빌,맛닭꼬,호프/통닭
1,서울특별시 영등포구 신길동 706,고기이야기,호프/통닭
1,서울특별시 영등포구 문래동2가 12-8 2층,비어바나,호프/통닭
1,서울특별시 영등포구 당산동5가 32-5번지 3층,롱타임노씨,호프/통닭
1,서울특별시 영등포구 당산동4가 32-100 1층,송백식당,호프/통닭
1,서울특별시 영등포구 신길동 103-1번지 홍성빌딩 2층,스시랑연어,호프/통닭
1,서울특별시 영등포구 대림동 1035-4,초원커피호프,호프/통닭
1,서울특별시 영등포구 신길동 89-102번지 1층,또래오래신길점,통닭(치킨)
1,서울특별시 영등포구 여의도동 26 에스트레뉴302호,나니,호프/통닭
1,서울특별시 영등포구 당산동6가 313-4 지하1층,무이살룬(saloon),호프/통닭
1,서울특별시 영등포구 당산동6가 289-3번지,양평해장국,통닭(치킨)
1,서울특별시 영등포구 당산동3가 25-4,벌집식당,호프/통닭
1,서울특별시 영등포구 영등포동3가 20-2번지 2층,정성본샤브수끼,호프/통닭
1,서울특별시 영등포구 영등포동3가 17-3 더-위일,동해막회,호프/통닭
1,서울특별시 영등포구 당산동3가 228-12 (2층),왕징중화요리,호프/통닭
1,서울특별시 영등포구 여의도동 35-5 종합상가,레벤호프,호프/통닭
1,서울특별시 영등포구 대림동 1033-5번지,연변왕꼬치,호프/통닭
1,서울특별시 영등포구 영등포동3가 4-12 1~2층,구도로통닭 영등포점,호프/통닭
1,서울특별시 영등포구 영등포동3가 12-15번지,컬투치킨,호프/통닭
1,서울특별시 영등포구 신길동 1368 대방역 구내,육설도대방역점,통닭(치킨)
1,서울특별시 영등포구 문래동6가 29 신일아르디세,치킨카페 문래,호프/통닭
1,서울특별시 영등포구 영등포동3가 10-23,천우목장 영등포1호점,호프/통닭
1,서울특별시 영등포구 여의도동 44-12 고려빌딩101호,해피치킨,호프/통닭
1,서울특별시 영등포구 당산동2가 55,마포주먹구이,통닭(치킨)
1,서울특별시 영등포구 여의도동 14-8 극동빌딩 지하1층 101호,메이드(MADE),호프/통닭
1,서울특별시 영등포구 대림동 1055-1 풍림빌딩,향만루,호프/통닭
1,서울특별시 영등포구 대림동 716-4 1층,매운맛의 유혹포차,호프/통닭
1,서울특별시 영등포구 영등포동 618-222,컬투치킨신길점,통닭(치킨)
1,서울특별시 영등포구 신길동 289-6,술꾼,호프/통닭
1,서울특별시 영등포구 대림동 807-6 지하1층(전체),원희커피호프,호프/통닭
1,서울특별시 영등포구 대림동 689-29,두레골민속주점,호프/통닭
1,서울특별시 영등포구 대림동 716-3번지 지상1층(일부),핫오리,호프/통닭
1,서울특별시 영등포구 양평동4가 149-1번지 지하1층,쉼터4050라이브,호프/통닭
1,서울특별시 영등포구 당산동6가 302-0번지 1층,오꼬꼬,통닭(치킨)
1,서울특별시 영등포구 신길동 162-14,비어클럽,호프/통닭
1,서울특별시 영등포구 당산동3가 213,스타호프,호프/통닭
1,서울특별시 영등포구 당산동3가 102,구월산,호프/통닭
1,서울특별시 영등포구 신길동 65-40 지상1층,꼼지포차,호프/통닭
1,서울특별시 영등포구 대림동 804-50 외1필지 지상1층(일부),다원호프,호프/통닭
1,서울특별시 영등포구 도림동 136-1번지 지상1층(일부),치킨마루 도림점,통닭(치킨)
1,서울특별시 영등포구 영등포동3가 4-6 2층,술선생잭,호프/통닭
1,"서울특별시 영등포구 양평동3가 13 외1필지 양평동이노플렉스 1층 109,110,111호",육계식당,통닭(치킨)
1,서울특별시 영등포구 여의도동 36번지 롯데캐슬엠파이어 1층 109호 일부,컬쳐커피(CULTURE COFFEE),호프/통닭
1,서울특별시 영등포구 양평동4가 101-2번지 1층,맘스터치(선유도역점),호프/통닭
1,서울특별시 영등포구 당산동6가 304-2,하이트월드,호프/통닭
1,서울특별시 영등포구 당산동3가 85-1 지상2층(전체),홉피(HOPPY),호프/통닭
1,서울특별시 영등포구 문래동3가 77-34 대준빌딩,교촌치킨,통닭(치킨)
1,서울특별시 영등포구 대림동 960-4,삼우치킨센타,호프/통닭
1,서울특별시 영등포구 대림동 1035-4번지 1층,와커락치킨,호프/통닭
1,서울특별시 영등포구 당산동3가 27,페리카나영등포점,호프/통닭
1,서울특별시 영등포구 신길동 115-33번지 1층,맘스닭강정,호프/통닭
1,서울특별시 영등포구 당산동3가 204-1,코코,호프/통닭
1,서울특별시 영등포구 신길동 450-34번지,육수당,호프/통닭
1,서울특별시 영등포구 영등포동8가 29-2번지,페리카나치킨,호프/통닭
1,서울특별시 영등포구 대림동 808-26 지상2층(일부),달빛커피호프,호프/통닭
1,서울특별시 영등포구 대림동 683-9,피자나라치킨공주,통닭(치킨)
1,서울특별시 영등포구 대림동 1079-41,두바이,호프/통닭
1,서울특별시 영등포구 문래동3가 58-50,오로컬쳐스(OROCULTURES),호프/통닭
1,서울특별시 영등포구 여의도동 22 파크원,서영이앤티 더현대서울지점,호프/통닭
1,서울특별시 영등포구 당산동5가 23,감계무량 당산본점,호프/통닭
1,서울특별시 영등포구 신길동 4780 보라매 경남아너스빌 상가동 104호,잉치킨보라매점,호프/통닭
1,서울특별시 영등포구 문래동6가 34-1,60계 문래점,호프/통닭
1,서울특별시 영등포구 양평동4가 91번지,뮤직타임,호프/통닭
1,서울특별시 영등포구 영등포동7가 203 아크로타워 스퀘어 12동 2호,BHC영등포시장점,호프/통닭
1,서울특별시 영등포구 신길동 294-8 문덕빌딩,맥시칸치킨 신길점,호프/통닭
1,서울특별시 영등포구 당산동4가 1-146 102호,청년치킨,호프/통닭
1,서울특별시 영등포구 신길동 194-25,라라에프앤비 요거트 온유(YOGURT ON YOU),호프/통닭
1,서울특별시 영등포구 영등포동3가 22-13,철길 부산집,호프/통닭
1,서울특별시 영등포구 문래동6가 5 EEU동신타워 203호,도심포차,호프/통닭
1,서울특별시 영등포구 영등포동7가 203 아크로타워 스퀘어 12동 8호,짝태와 노가리 (영등포아크로타워스퀘어점),호프/통닭
1,서울특별시 영등포구 신길동 89-167,티앰비숯불닭바베큐,통닭(치킨)
1,서울특별시 영등포구 대림동 714번지 외1필지 지하1층,이야기호프,호프/통닭
1,"서울특별시 영등포구 영등포동3가 22-2 1층, 2층",미진축산 영등포역점,호프/통닭
1,서울특별시 영등포구 여의도동 40-0 장미상가 1층,비비큐(BBQ)여의도점,호프/통닭
1,서울특별시 영등포구 영등포동3가 20-2번지 지상3층(전체),꾼노리B점,호프/통닭
1,서울특별시 영등포구 양평동1가 13-31 2층,파파존스문래점,호프/통닭
1,서울특별시 영등포구 대림동 688-1 지상2층,평양라이브,호프/통닭
1,서울특별시 영등포구 대림동 812-26 2층,사랑커피호프,호프/통닭
1,서울특별시 영등포구 대림동 775-7번지,미니호프,호프/통닭
1,서울특별시 영등포구 신길동 451-1,페리카나치킨,통닭(치킨)
1,서울특별시 영등포구 영등포동3가 3-14,이유소,호프/통닭
1,서울특별시 영등포구 신길동 3846-0,풍년치킨,통닭(치킨)
1,서울특별시 영등포구 양평동2가 33-42,황소곱창구이,통닭(치킨)
1,서울특별시 영등포구 영등포동3가 7-27,정솔닭한마리,호프/통닭
1,서울특별시 영등포구 영등포동8가 35-1 리마크빌 영등포,교촌치킨(당산점),통닭(치킨)
1,서울특별시 영등포구 당산동 171-46,청계집,호프/통닭
1,서울특별시 영등포구 당산동2가 30-9,치킨플라이,호프/통닭
1,서울특별시 영등포구 당산동3가 341번지,펍스텔라,호프/통닭
1,서울특별시 영등포구 당산동3가 387-2번지,삼통치킨,통닭(치킨)
1,서울특별시 영등포구 당산동3가 354-0,참나라숯불바베큐,통닭(치킨)
1,서울특별시 영등포구 영등포동3가 15-2 1층,육회공작소(영등포점),호프/통닭
1,서울특별시 영등포구 당산동2가 32-4번지,이모네치킨호프,호프/통닭
1,서울특별시 영등포구 대림동 1116-1번지,투다리,호프/통닭
1,서울특별시 영등포구 당산동2가 162-7번지 지하1층(전체),양지호프,호프/통닭
1,서울특별시 영등포구 신길동 347-294번지,또바기치킨,통닭(치킨)
1,서울특별시 영등포구 영등포동7가 67-4 1층,남경,통닭(치킨)
1,서울특별시 영등포구 당산동5가 33-13 대영빌딩 202호,밤나들이술집,호프/통닭
1,서울특별시 영등포구 당산동3가 270 우미빌딩,쥬라기치킨,호프/통닭
1,서울특별시 영등포구 대림동 756번지 지상1층,딱좋아식당,호프/통닭
1,서울특별시 영등포구 양평동2가 1-1 신동아하이팰리스,보드람치킨,호프/통닭
1,서울특별시 영등포구 당산동5가 33-9 유경빌딩,하노이맥주밤거리 영등포당산역점,호프/통닭
1,서울특별시 영등포구 여의도동 15-14 여의도 프리베로 오피스텔,맨지기치킨,호프/통닭
1,서울특별시 영등포구 문래동3가 78 문래우정아파트,노나(NONA),호프/통닭
1,서울특별시 영등포구 대림동 991-19,대중호프,호프/통닭
1,서울특별시 영등포구 여의도동 17 여의도더샵아일랜드파크,생활맥주 여의도KBS점,호프/통닭
1,서울특별시 영등포구 당산동3가 85-1,High-end,호프/통닭
1,서울특별시 영등포구 당산동3가 44,후라이드 참 잘하는집,호프/통닭
1,서울특별시 영등포구 영등포동8가 53-2번지,태양포차,호프/통닭
1,서울특별시 영등포구 문래동3가 55-16 영등포 SK 리더스뷰 F07호,치킨플러스문래점,호프/통닭
1,서울특별시 영등포구 문래동3가 55-20 에이스하이테크시티,문래구락부,호프/통닭
1,서울특별시 영등포구 당산동5가 32-1번지 3층,루시펍,호프/통닭
1,서울특별시 영등포구 당산동3가 234-2,역전할머니맥주 영등포구청점,호프/통닭
